reader_id,first_name,last_name,email
1,Melissa,Chapman,colindouglas@example.net
2,Jennifer,Hudson,davisjohn@example.net
3,Alan,Morgan,akirby@example.com
4,Danielle,Johnson,jamesstevenson@example.net
5,Gary,Hanson,bwolfe@example.com
6,Brandon,Caldwell,imayo@example.net
7,Margaret,Harris,ronaldjacobs@example.com
8,Karen,Collins,ruthpeterson@example.org
9,Lauren,Strickland,ahill@example.net
10,Meghan,Brock,aedwards@example.org
11,Dawn,Drake,kingdestiny@example.net
12,Misty,Chavez,millermichelle@example.org
13,Laura,Norman,asmith@example.org
14,Michael,Osborne,hoffmantara@example.net
15,Richard,Williams,hwolf@example.org
16,Michael,Perez,alyssawilliams@example.com
17,Leslie,Smith,jenniferkelly@example.net
18,Richard,Mercado,fcrane@example.org
19,Justin,Miller,danieladams@example.net
20,David,White,davisdiana@example.org
21,Anne,Jones,whitneymercer@example.com
22,Kayla,Fitzpatrick,stephaniereyes@example.org
23,Rita,Woodward,emilytaylor@example.org
24,Nicholas,Lopez,anna08@example.com
25,Jamie,Miller,jonathonwood@example.com
26,Christine,Mcbride,fharding@example.com
27,Carrie,Jefferson,christopher82@example.net
28,Russell,Farley,jamesevans@example.com
29,Melissa,Obrien,rodriguezcynthia@example.org
30,Mary,Patel,acombs@example.com
31,James,Trevino,samuelcombs@example.org
32,Zachary,Barnett,johnschroeder@example.com
33,Brenda,Montoya,mhopkins@example.com
34,Jason,Short,kennethwhite@example.net
35,Rebecca,Campbell,april25@example.org
36,Christopher,Yang,cassandraleon@example.org
37,David,Oneill,rwhite@example.org
38,Stephen,Jones,jdawson@example.com
39,Michael,Miller,zgibbs@example.org
40,Sean,Barker,collinsdavid@example.net
41,Tanner,Gray,mstevens@example.net
42,Ryan,Deleon,erica03@example.com
43,Sarah,Pena,erinchase@example.com
44,Deborah,Garcia,sonyarivas@example.org
45,Christian,Clay,crystaldavis@example.org
46,Timothy,Moses,awilson@example.net
47,Daniel,Fowler,xpittman@example.org
48,Danielle,Hicks,michael62@example.net
49,Monica,Peters,doylejames@example.net
50,Craig,Pratt,jessicaperry@example.com
51,Michael,Sanders,jerry99@example.com
52,Patricia,Daniels,mboyer@example.net
53,Tracy,Brown,dennis99@example.com
54,Megan,Graham,roberto32@example.net
55,Curtis,Berg,craigmills@example.org
56,Eric,Ryan,mfoster@example.net
57,Jennifer,Erickson,russell11@example.com
58,Jason,Mccoy,thomasscott@example.com
59,Melissa,King,fergusonphilip@example.com
60,Kelly,Gonzalez,richard49@example.com
61,David,Turner,thomasnathan@example.net
62,Karen,Ellis,nfletcher@example.com
63,Ian,Rivera,joeldickerson@example.org
64,Victor,Baldwin,joshuarichard@example.org
65,Tammy,Hall,rmiddleton@example.com
66,Colton,Hayden,kstrong@example.org
67,Dakota,Cunningham,kbarnes@example.net
68,William,Rose,adamkaufman@example.com
69,Lindsey,Davis,lewisjessica@example.com
70,Jesse,Howard,haynesjoseph@example.net
71,William,Ramos,mclaughlingabriella@example.org
72,Samuel,Strickland,brandon85@example.net
73,Michael,Young,scohen@example.org
74,Vickie,Coleman,christopher11@example.org
75,Amanda,Jones,ucarney@example.org
76,Stephanie,Romero,eferguson@example.net
77,Thomas,Barrett,xwilliams@example.org
78,Robert,Gonzalez,garrett72@example.com
79,Katie,Boyd,watsonrandy@example.org
80,Shawn,Mendoza,deborah79@example.org
81,William,Simmons,emily06@example.com
82,Travis,Tucker,stephenhale@example.net
83,Terri,Gill,ohall@example.com
84,David,Wilcox,sophia68@example.org
85,Pamela,Mckee,katherine82@example.com
86,Katelyn,Davenport,hamiltonashley@example.org
87,Stefanie,Clarke,jonathanhicks@example.net
88,Tammy,Smith,gary49@example.net
89,Ernest,Tate,derrickpetty@example.org
90,Adam,Gutierrez,william85@example.org
91,Christine,Murphy,teresa23@example.com
92,Austin,Mitchell,kevincarrillo@example.com
93,Theresa,Marks,alicia54@example.net
94,David,Myers,patriciamills@example.org
95,Brian,Huber,jacksonmichele@example.com
96,Charles,Long,vkelly@example.com
97,Peter,Browning,xestes@example.net
98,Kevin,Wade,kristina37@example.net
99,Joann,Bender,vegakatherine@example.com
100,Jennifer,Haas,daniel03@example.org
